Workbook

Sheet Componentes
A1: # | B1: Subsistema | C1: Componente | D1: Modelo / especificación | E1: Cantidad | F1: Para qué | G1: Estado | H1: Dónde conseguir | I1: Precio unitario (ARS) | J1: Total (ARS) | K1: Notas
A2: 1 | B2: Procesamiento | C2: Teensy 4.1 | D2: PJRC Teensy 4.1 (600 MHz), puente VIN–VUSB cortado | E2: 1 | F2: Núcleo: muestreo a 1000 Hz, SD, lógica | G2: Ya lo tengo | H2: Importar | J2: =IF(I2="","",E2*I2) | K2: Puente VIN–VUSB ya cortado.
A3: 2 | B3: Procesamiento | C3: Tarjeta microSD | D3: SanDisk Max Endurance (32–64 GB) | E3: 1 | F3: Guardar las bajadas .sfb | G3: Ya lo tengo | H3: Local | J3: =IF(I3="","",E3*I3)
A4: 3 | B4: Procesamiento | C4: Extensor de microSD | D4: Pinqiongzhe, 10 cm | E4: 1 | F4: Acceso a la SD desde afuera de la caja | G4: Ya lo tengo | H4: Importar | J4: =IF(I4="","",E4*I4) | K4: Punto débil con vibración de DH. Usarlo en banco; en pista, SD en la ranura del Teensy trabada con silicona, y bajar por WiFi (ESP32-C3). Revisar si es necesario o conveniente usar
A5: 4 | B5: Procesamiento | C5: Pila del reloj | D5: CR1220 3 V + portapila | E5: 1 | F5: Que el reloj siga en hora con el Sender apagado (VBAT) | G5: Comprar | H5: Local | J5: =IF(I5="","",E5*I5) | K5: Nuevo 26/09.
A6: 5 | B6: Sensores | C6: Regla horquilla | D6: KTC-200 (200 mm) | E6: 1 | F6: Recorrido de la horquilla, 1000 Hz | G6: Comprar | H6: Importar | J6: =IF(I6="","",E6*I6)
A7: 6 | B7: Sensores | C7: Regla shock | D7: KTC-100 (100 mm) | E7: 1 | F7: Recorrido del shock, 1000 Hz | G7: Comprar | H7: Importar | J7: =IF(I7="","",E7*I7)
A8: 7 | B8: Sensores | C8: Acelerómetro de impacto | D8: ADXL375 (±200 g, SPI) | E8: 1 | F8: Golpes y topes, 1000 Hz | G8: Ya lo tengo | H8: Importar | J8: =IF(I8="","",E8*I8) | K8: Firmware lo configura a 1600 Hz.
A9: 8 | B9: Sensores | C9: Acelerómetro + giroscopio (actual) | D9: MPU-6050 (placa GY-521) | E9: 1 | F9: Aceleración de baja amplitud/baja frecuencia (chatter, caída libre de los saltos) y giros | G9: Sacar del diseño | H9: — | J9: =IF(I9="","",E9*I9) | K9: Lo reemplaza un IMU moderno por SPI (fila siguiente). Por I2C tarda ~400 µs por lectura.
A10: 9 | B10: Sensores | C10: Acelerómetro + giroscopio (nuevo) | D10: ICM-42688-P por SPI (alternativa: LSM6DSO32 Adafruit, ±32 g) | E10: 1 | F10: Mismo rol que el MPU: lo que el ADXL375 no resuelve (49 mg por cuenta): chatter, caída libre de saltos, giros. 1000 Hz | G10: Comprar | H10: Importar | J10: =IF(I10="","",E10*I10) | K10: ±16 g con ~0,5 mg por cuenta, giro hasta ±2000 °/s, filtro anti-aliasing programable. Comparte SPI con el ADXL375 (CS propio, pin 26). Lectura ~20 µs.
A11: 10 | B11: Sensores | C11: IMU de orientación | D11: Adafruit BNO055 | E11: 1 | F11: Tumbada y cabeceo, 100 Hz. Bus I2C lento (24/25) | G11: Ya lo tengo | H11: Importar | J11: =IF(I11="","",E11*I11) | K11: Cambia de bus: pines 24/25.
A12: 11 | B12: Sensores | C12: Barómetro (actual) | D12: Adafruit BMP280 | E12: 1 | F12: Altimetría y temperatura | G12: Sacar del diseño | H12: — | J12: =IF(I12="","",E12*I12) | K12: Lo reemplaza el BMP580.
A13: 12 | B13: Sensores | C13: Barómetro (nuevo) | D13: BMP580 (módulo 3,3 V o con regulador) + filtro de jeringa | E13: 1 | F13: Altimetría (saltos, drops, fusión con GPS), 10–25 Hz. Bus I2C lento (24/25) | G13: Comprar | H13: Local | J13: =IF(I13="","",E13*I13) | K13: Elegido 26/09 porque se consigue en Argentina (el BMP390 había que importarlo). ±0,5 m relativo (el BMP280 ±1 m), ruido ~1 cm. Entrega presión ya compensada. Dirección 0x47 (o 0x46). Máximo 3,6 V.
A14: 13 | B14: Sensores | C14: GPS | D14: SparkFun GNSS L1/L5 NEO-F10N (SMA) | E14: 1 | F14: Posición y velocidad, 10 Hz multi-GNSS | G14: Ya lo tengo | H14: Importar | J14: =IF(I14="","",E14*I14) | K14: Cablear también su salida PPS (pulso por segundo) al pin 23 del Teensy: sincroniza el reloj con la hora GPS.
A15: 14 | B15: Sensores | C15: Antena GPS | D15: Antena activa L1/L5 (doble banda) con SMA | E15: 1 | F15: La placa con SMA no trae antena | G15: Comprar | H15: Importar | J15: =IF(I15="","",E15*I15) | K15: Verificar que sea L1+L5 y el conector correcto.
A16: 15 | B16: Sensores | C16: Sensor de rueda | D16: SMC D-Z73 (reed con LED) + imán | E16: 1 | F16: Velocidad de rueda delantera (eventos) | G16: Ya lo tengo | H16: Local/Importar | J16: =IF(I16="","",E16*I16)
A17: 16 | B17: Sensores | C17: Temperatura del amortiguador | D17: DS18B20 TO-92 (pack x3) | E17: 1 | F17: Temperatura de horquilla y shock, por el cable de la regla. Además IDENTIFICA el sensor (número de serie único) | G17: Comprar | H17: Local | J17: =IF(I17="","",E17*I17) | K17: Pack de 3: 2 en uso + 1 de repuesto. Su número de serie le dice al Sender qué regla está enchufada y en qué conector.
A18: 17 | B18: Sensores | C18: Portasensor de temperatura | D18: Plaquita de aluminio ~15×10×3 mm con cajera para TO-92 | E18: 2 | F18: Montar el DS18B20 bajo la abrazadera de la regla | G18: Fabricar | H18: Taller propio | J18: =IF(I18="","",E18*I18) | K18: Epoxi (mejor térmico) + termocontraíble.
A19: 18 | B19: Sensores | C19: Sensor de freno | D19: Sensor de corte de freno e-bike, tipo reed (2 cables) + imán | E19: 2 | F19: Detectar cada frenada sin tocar el hidráulico (conectores 4 y 5) | G19: Decidir | H19: Local | J19: =IF(I19="","",E19*I19) | K19: Futuro. Va al pin digital de un conector universal.
A20: 19 | B20: Sensores | C20: Temperatura IR | D20: MLX90614 (DCI 5° o BCF 10°) | E20: 2 | F20: Alternativa sin contacto al DS18B20 | G20: Descartado | H20: Importar | J20: =IF(I20="","",E20*I20) | K20: Reemplazado por el DS18B20 (26/09), salvo que se reconsidere.
A21: 20 | B21: Sensores | C21: Presión de cubiertas | D21: TPMS Bluetooth (Presta, o Schrader + adaptador) | E21: 2 | F21: Presión real de cada cubierta | G21: Decidir | H21: A definir | J21: =IF(I21="","",E21*I21) | K21: Elegir modelo y verificar su protocolo antes de comprar.
A22: 21 | B22: Sensores | C22: Altura sobre el suelo | D22: LiDAR TFmini-S / TFmini Plus | E22: 1 | F22: Altura real en saltos | G22: Futuro | H22: Importar | J22: =IF(I22="","",E22*I22) | K22: Opcional, versión posterior.
A23: 22 | B23: Comunicación | C23: WiFi + Bluetooth | D23: ESP32-C3 SuperMini (pack x2) | E23: 1 | F23: Bajar bajadas por WiFi, pulsómetro/TPMS por Bluetooth | G23: Comprar | H23: Local | J23: =IF(I23="","",E23*I23) | K23: Pack de 2. Probar el alcance de la antena apenas llegue.
A24: 23 | B24: Comunicación | C24: WiFi (actual) | D24: ESP8266 ESP-01S | E24: 1 | F24: WiFi mientras no esté el ESP32-C3 | G24: Sacar del diseño | H24: — | J24: =IF(I24="","",E24*I24) | K24: Se reemplaza por el ESP32-C3.
A25: 24 | B25: Comunicación | C25: Bluetooth (actual) | D25: Adafruit Bluefruit LE UART | E25: 1 | F25: Pulsómetro | G25: Sacar del diseño | H25: — | J25: =IF(I25="","",E25*I25) | K25: Lo hace el ESP32-C3. Libera los pines 0/1.
A26: 25 | B26: Alimentación | C26: Batería | D26: LiPo 1S 3000 mAh (103665) | E26: 1 | F26: Alimentación | G26: Ya lo tengo | H26: Local | J26: =IF(I26="","",E26*I26) | K26: Tenés 2: el diseño usa una sola; la otra queda de repuesto.
A27: 26 | B27: Alimentación | C27: Cargador | D27: TP4056 variante HW-373 | E27: 1 | F27: Carga de la batería | G27: Ya lo tengo | H27: Local | J27: =IF(I27="","",E27*I27) | K27: Tenés 2: el diseño usa uno solo; el otro queda de repuesto.
A28: 27 | B28: Alimentación | C28: Step-up 12 V | D28: MT3608 | E28: 1 | F28: 12 V para el sensor de rueda (los botones ya no llevan LED) | G28: Ya lo tengo | H28: Local | J28: =IF(I28="","",E28*I28) | K28: Se alimenta desde la llave del pin 4. Plan B del WiFi: de acá, con un reductor a 5 V.
A29: 28 | B29: Alimentación | C29: MOSFET 12 V (actual) | D29: IRF9530 | E29: 1 | F29: Corte del riel de 12 V | G29: Sacar del diseño | H29: — | J29: =IF(I29="","",E29*I29) | K29: No es de nivel lógico; lo reemplazan las llaves de los pines 4 y 9.
A30: 29 | B30: Alimentación | C30: P-MOSFET nivel lógico | D30: AO3401A / SI2301 (SMD) o NDP6020P (TO-220) | E30: 2 | F30: Llaves de alimentación Q1 (periféricos) y Q3 (WiFi) | G30: Comprar | H30: Local/Importar | J30: =IF(I30="","",E30*I30)
A31: 30 | B31: Alimentación | C31: N-MOSFET | D31: 2N7000 / BS170 (TO-92) o 2N7002 (SMD) | E31: 2 | F31: Manejan el gate de Q1 y Q3 desde los pines 4 y 9 | G31: Comprar | H31: Local | J31: =IF(I31="","",E31*I31)
A32: 31 | B32: Alimentación | C32: Resistencia 100 kΩ | D32: 1/4 W | E32: 4 | F32: Gates de las llaves | G32: Comprar | H32: Local | J32: =IF(I32="","",E32*I32)
A33: 32 | B33: Alimentación | C33: Resistencia 1 kΩ | D33: 1/4 W | E33: 4 | F33: Gates de las llaves | G33: Ya lo tengo | H33: Local | J33: =IF(I33="","",E33*I33)
A34: 33 | B34: Alimentación | C34: Alimentación del ESP32-C3 | D34: Sin regulador extra: batería (después de la llave del pin 9) al pin 5V del SuperMini; su regulador interno da los 3,3 V | E34: 1 | F34: Alimentar el ESP32-C3 desde la batería | G34: Confirmar | H34: — | J34: =IF(I34="","",E34*I34) | K34: El LM2596 directo de la batería NO sirve (necesita ≥5 V de entrada). Verificar si el SuperMini tiene diodo en la entrada de 5 V. Plan B: 12 V del MT3608 → LM2596 o Mini-360 regulado a 5 V → pin 5V (la llave del pin 9 entre medio).
A35: 34 | B35: Alimentación | C35: Capacitor de reserva del WiFi | D35: Electrolítico 470 µF 6,3–10 V (bajo ESR) | E35: 1 | F35: Sostener los picos de ~350 mA del WiFi con batería baja | G35: Comprar | H35: Local | J35: =IF(I35="","",E35*I35) | K35: Pegado a los pines 5V/GND del SuperMini.
A36: 35 | B36: Alimentación | C36: Divisor de batería (actual) | D36: Resistencias 10 kΩ | E36: 2 | F36: Lectura de batería (pin 16) | G36: Sacar del diseño | H36: — | J36: =IF(I36="","",E36*I36) | K36: Lo reemplaza el MAX17048. Libera el pin 16.
A37: 36 | B37: Alimentación | C37: Medidor de batería | D37: MAX17048 (placa Adafruit o similar) | E37: 1 | F37: Porcentaje real de batería (la tensión de una LiPo casi no cambia en la mitad de la descarga) | G37: Comprar | H37: Importar | J37: =IF(I37="","",E37*I37) | K37: Bus I2C lento (24/25), dirección 0x36. Queda siempre conectado a la batería: consume unos µA con el Sender apagado.
A38: 37 | B38: Interfaz | C38: Botón Power | D38: Pulsador metálico ~12 mm MOMENTÁNEO, IP67, SIN LED | E38: 1 | F38: Prender (pin On/Off) y apagar | G38: Comprar | H38: Local | J38: =IF(I38="","",E38*I38) | K38: Cambio 26/09: más chico y sin anillo LED; el estado lo muestra la tira de LEDs. No más chico que ~12 mm: se usa con guantes.
A39: 38 | B39: Interfaz | C39: Diodo Schottky | D39: BAT43 / 1N5817 | E39: 1 | F39: Que el firmware lea el botón Power (pin 22): apagado prolijo con 2 s | G39: Decidir | H39: Local | J39: =IF(I39="","",E39*I39) | K39: Depende de la decisión abierta 1.
A40: 39 | B40: Interfaz | C40: Botón RUN | D40: Pulsador metálico ~12 mm MOMENTÁNEO, IP67, SIN LED (igual al Power) | E40: 1 | F40: Grabar/parar, WiFi, reinicio | G40: Comprar | H40: Local | J40: =IF(I40="","",E40*I40) | K40: Sin LED ni resistencia de 220 Ω: libera el pin 5. Idealmente de otra forma o color que el Power para distinguirlos al tacto.
A41: 40 | B41: Interfaz | C41: Tira de LEDs | D41: WS2812B x8 | E41: 1 | F41: TODAS las indicaciones: grabando, WiFi, errores, batería, aviso de auto-apagado | G41: Ya lo tengo | H41: Local | J41: =IF(I41="","",E41*I41) | K41: Alimentarla de la batería después de la llave del pin 4 (no del 3,3 V del Teensy ni de 12 V). Visible por la ventana transparente.
A42: 41 | B42: Filtros y señal | C42: Perla de ferrite | D42: VK200 axial | E42: 4 | F42: Filtro de las señales analógicas de los 4 conectores universales | G42: Comprar | H42: Local | J42: =IF(I42="","",E42*I42) | K42: Antes 2; ahora 4 conectores universales.
A43: 42 | B43: Filtros y señal | C43: Resistencia 100 Ω | D43: 1/4 W | E43: 4 | F43: Filtro analógico (con el tántalo, ~150 Hz) | G43: Comprar | H43: Local | J43: =IF(I43="","",E43*I43)
A44: 43 | B44: Filtros y señal | C44: Capacitor de tántalo | D44: 10 µF gota | E44: 4 | F44: Filtro analógico | G44: Comprar | H44: Local | J44: =IF(I44="","",E44*I44)
A45: 44 | B45: Protección de conectores | C45: Fusible reseteable (PTC) | D45: Bourns MF-PSMF010X, SMD 0805, 0,10 A / 15 V | E45: 5 | F45: 3,3 V de cada conector universal (4) y 12 V de la rueda (1): un cable en corto no tira abajo el Teensy ni el MT3608 | G45: Comprar | H45: Local | J45: =IF(I45="","",E45*I45) | K45: Elegido 26/09. Sirve también el lote genérico 0805 15 V 100 mA (x5). Un solo modelo para los 5 (15 V alcanza para los 12 V). Los 3 Bourns, de repuesto. No usar de 0,5 A o más, ni fusibles comunes no reseteables. Presión (06/10): la referencia del ADS1220 se toma del 3,3 V DESPUÉS del PTC (mismo nodo que va al cable), así la caída en el PTC no afecta la medición.
A46: 45 | B46: Protección de conectores | C46: Protección ESD/TVS | D46: Arreglo ESD de 4 líneas 5 V (TPD4E05U06, USBLC6-4 o similar) o TVS por línea, de baja capacidad | E46: 4 | F46: Descargas estáticas en las líneas de señal de los conectores (8 líneas universales + rueda + 4 de presión S+/S−) | G46: Comprar | H46: Importar | J46: =IF(I46="","",E46*I46) | K46: Ubicarlos pegados a cada conector en la PCB. 06/10: +1 por las líneas de presión (pines 5 y 6 de los conectores 1 y 2).
A47: 46 | B47: Protección de conectores | C47: Resistencia 100 Ω (digital) | D47: 1/4 W o 0805 | E47: 4 | F47: En serie con el pin digital de cada conector universal | G47: Comprar | H47: Local | J47: =IF(I47="","",E47*I47) | K47: Las analógicas ya tienen su 100 Ω del filtro.
A48: 47 | B48: Filtros y señal | C48: Resistencia 4,7 kΩ | D48: 1/4 W | E48: 4 | F48: Pull-up del pin digital de cada conector universal (DS18B20 / switch) | G48: Comprar | H48: Local | J48: =IF(I48="","",E48*I48) | K48: Nuevo 26/09.
A49: 48 | B49: Filtros y señal | C49: Optoacoplador | D49: PC817 + R 1 kΩ + R 10 kΩ + cap 10 nF | E49: 1 | F49: Señal limpia del sensor de rueda | G49: Comprado | H49: Local | J49: =IF(I49="","",E49*I49)
A50: 49 | B50: Conectores y cables | C50: Conector universal (hembra en caja) | D50: 4 pines, estanco (M8 A-codificado de 4 polos) | E50: 2 | F50: Conectores 4 y 5 (los 1 y 2 pasan a 8 polos por la presión, ver más abajo) | G50: Decidir | H50: Importar | J50: =IF(I50="","",E50*I50) | K50: 06/10: conectores 1 y 2 pasan a M8 de 8 polos. Si se decide que todos acepten presión, estos también pasan a 8 polos (y hacen falta 4 ADS1220).
A51: 50 | B51: Conectores y cables | C51: Conector universal (macho de cable) | D51: Mismo sistema, 4 pines | E51: 2 | F51: Cables de los sensores de los conectores 4 y 5 | G51: Decidir | H51: Importar | J51: =IF(I51="","",E51*I51)
A52: 51 | B52: Conectores y cables | C52: Conector de rueda | D52: 3 pines (el actual), de tipo o codificación DISTINTA a los universales | E52: 1 | F52: Conector 3: sensor de rueda (lleva 12 V) | G52: Confirmar | H52: — | J52: =IF(I52="","",E52*I52) | K52: Que no se pueda enchufar un cable universal ahí: 12 V quema un DS18B20 o una regla.
A53: 52 | B53: Conectores y cables | C53: Cable mallado | D53: 4 hilos × 0,14–0,25 mm², con malla | E53: 3 | F53: Cables de los conectores 4 y 5 (m). Horquilla y shock usan el de 8 hilos (ver más abajo) | G53: Comprar | H53: Local | J53: =IF(I53="","",E53*I53) | K53: Cantidad en metros. Malla a GND sólo del lado del Sender.
A54: 53 | B54: Conectores y cables | C54: Cable pigtail | D54: SMA hembra a SMA macho, pasapanel | E54: 1 | F54: Extensor del conector de antena del GPS: acceso desde afuera de la caja | G54: Ya lo tengo | H54: — | J54: =IF(I54="","",E54*I54)
A55: 54 | B55: Conectores y cables | C55: Cable USB-C | D55: USB-C pasapanel a conector | E55: 1 | F55: Extensor de la alimentación del TP4056: cargar desde afuera de la caja | G55: Ya lo tengo | H55: — | J55: =IF(I55="","",E55*I55)
A56: 55 | B56: Mecánica | C56: PCB a medida | D56: Rediseño con los cambios del 26/09 | E56: 1 | F56: Placa del Sender | G56: Fabricar | H56: A definir | J56: =IF(I56="","",E56*I56) | K56: Bus I2C lento, SPI compartido (ADXL + IMU), llaves, conectores universales con protección, pila, MAX17048, PPS. 06/10: + 2 × ADS1220 con su filtro y conectores 1 y 2 de 8 polos (HARDWARE.md sección 7).
A57: 56 | B57: Mecánica | C57: Carcasa | D57: Carcasa ultrafina con ventana para la tira de LEDs | E57: 1 | F57: Caja del Sender | G57: Fabricar | H57: Taller propio | J57: =IF(I57="","",E57*I57)
A58: 57 | B58: Presión de aire | C58: Sensor de presión de aire | D58: TE 89-01KA-0U (1000 psia, puente en mV 15–28 mV/V, 316L, Ø9,04 × 13,2 mm, sin compensar) | E58: 2 | F58: Presión de la cámara positiva de horquilla y shock, 1000 Hz, por el cable de la regla | G58: Comprar | H58: Importar | J58: =IF(I58="","",E58*I58) | K58: TE lo marca "no disponible" en su página: consultar stock en Mouser / Digi-Key / distribuidores. Mismo sensor para horquilla y shock. Hay que calibrar offset y span contra temperatura.
A59: 58 | B59: Presión de aire | C59: ADC de presión | D59: TI ADS1220 (TSSOP-16, 24 bits, PGA, SPI) | E59: 2 | F59: Leer el puente de cada sensor. SPI compartido (11/12/13), CS 27/28, DRDY 29/30 | G59: Comprar | H59: Importar | J59: =IF(I59="","",E59*I59) | K59: Para probar en banco antes de la PCB sirven 2 módulos ADS1220. Config: PGA 32, turbo 2000 SPS, referencia ratiométrica.
A60: 59 | B60: Presión de aire | C60: Resistencia 1 kΩ (filtro) | D60: 0805, 1 % | E60: 4 | F60: Filtro RC de entrada (S+ y S− de cada canal) | G60: Comprar | H60: Local | J60: =IF(I60="","",E60*I60) | K60: Corte ≈ 800 Hz con el capacitor diferencial de 100 nF.
A61: 60 | B61: Presión de aire | C61: Capacitor 100 nF C0G (diferencial) | D61: 0805 C0G/NP0 (o film) | E61: 2 | F61: Filtro diferencial entre AIN1 y AIN2 | G61: Comprar | H61: Local | J61: =IF(I61="","",E61*I61) | K61: C0G: estable con temperatura y sin efecto piezo con la vibración.
A62: 61 | B62: Presión de aire | C62: Capacitor 10 nF C0G (modo común) | D62: 0805 C0G/NP0 | E62: 4 | F62: Filtro de modo común de AIN1 y AIN2 a GND | G62: Comprar | H62: Local | J62: =IF(I62="","",E62*I62) | K62: Relación 10:1 con el diferencial.
A63: 62 | B63: Presión de aire | C63: Capacitor 10 µF (desacople) | D63: 0805 cerámico X7R/X5R, 10 V | E63: 4 | F63: AVDD y DVDD de cada ADS1220 | G63: Comprar | H63: Local | J63: =IF(I63="","",E63*I63)
A64: 63 | B64: Presión de aire | C64: Capacitor 100 nF (desacople) | D64: 0805 X7R | E64: 6 | F64: AVDD, DVDD y REFP0 de cada ADS1220 | G64: Comprar | H64: Local | J64: =IF(I64="","",E64*I64)
A65: 64 | B65: Presión de aire | C65: Resistencia 10 kΩ (pull-up CS) | D65: 0805 | E65: 2 | F65: Pull-up del CS de cada ADS1220 (que no hable en el bus al arrancar) | G65: Comprar | H65: Local | J65: =IF(I65="","",E65*I65)
A66: 65 | B66: Conectores y cables | C66: Conector horquilla/shock (hembra en caja) | D66: M8 de 8 polos, estanco | E66: 2 | F66: Conectores 1 y 2: regla + DS18B20 + presión | G66: Comprar | H66: Importar | J66: =IF(I66="","",E66*I66) | K66: Pines: 1 3,3 V, 2 GND, 3 regla, 4 DS18B20, 5 S+, 6 S−, 7 reserva, 8 malla. Los 4 primeros iguales al universal.
A67: 66 | B67: Conectores y cables | C67: Conector horquilla/shock (macho de cable) | D67: M8 de 8 polos, mismo sistema | E67: 2 | F67: Cables de horquilla y shock | G67: Comprar | H67: Importar | J67: =IF(I67="","",E67*I67)
A68: 67 | B68: Conectores y cables | C68: Cable mallado 8 hilos | D68: 8 × 0,14 mm² con malla y un par trenzado (S+/S−) | E68: 3 | F68: Cables de horquilla y shock (m) | G68: Comprar | H68: Local/Importar | J68: =IF(I68="","",E68*I68) | K68: Cantidad en metros. Malla a GND sólo del lado del Sender. Si no se consigue con par trenzado, trenzar S+/S− aparte dentro de la malla.
A69: 68 | B69: Presión de aire | C69: Cabezal de válvula tipo banjo | D69: Aluminio 7075: pieza interior rosca 8V1 hembra + pin depresor, cuerpo giratorio con 2 o-rings, pico de inflado arriba, alojamiento del sensor acostado | E69: 2 | F69: Montar el sensor en la válvula Schrader sin perder el inflado | G69: Fabricar | H69: Taller propio | J69: =IF(I69="","",E69*I69) | K69: Falta medir en la bici: altura libre sobre cada válvula, alojamiento de la válvula de la horquilla, espacio alrededor de la del shock. Verificar el alojamiento con el STEP de TE.
A70: 69 | B70: Presión de aire | C70: Núcleo de válvula Schrader | D70: Estándar (rosca 5V1) | E70: 4 | F70: Pico de inflado de cada cabezal | G70: Comprar | H70: Local | J70: =IF(I70="","",E70*I70) | K70: Gomería o casa de repuestos. 2 + 2 de repuesto.
A71: 70 | B71: Presión de aire | C71: Juntas tóricas NBR | D71: Surtido métrico chico | E71: 1 | F71: Sellos del cabezal (válvula, banjo, sensor) | G71: Comprar | H71: Local | J71: =IF(I71="","",E71*I71) | K71: Medidas exactas cuando esté el plano del cabezal.
A72: 71 | B72: Presión de aire | C72: Manómetro de referencia | D72: Inflador digital de suspensión (p. ej. RockShox digital 300 psi) o manómetro de precisión | E72: 1 | F72: Calibrar el span de cada cabezal | G72: Decidir | H72: Local/Importar | J72: =IF(I72="","",E72*I72) | K72: El inflador digital alcanza para la calibración estática hasta 300 psi.
A73: 72 | B73: Presión de aire | C73: Pod de presión BLE (descartado) | D73: XIAO ESP32-C3 + ADS1220 + LiPo en la válvula | E73: 1 | F73: Medir la presión con placa y batería propias | G73: Descartado | H73: — | J73: =IF(I73="","",E73*I73) | K73: Descartado 06/10: duplicaba electrónica, había que cargarlo y el cuerpo chocaba con bielas, pierna o manubrio. La XIAO queda libre para otro uso.
A74: 73 | B74: Presión de aire | C74: Sensores digitales evaluados | D74: TE 85BSD/86BSD, MS5837-30BA, M3200, 89-03KA | E74: 1 | F74: Alternativas al 89-01KA | G74: Descartado | H74: — | J74: =IF(I74="","",E74*I74) | K74: 85/86BSD: tope 150/300 psi. MS5837: ~420 psi útiles. M3200: grande y lento. 89-03KA: 3000 psi, desperdicia escala.

Sheet Resumen
A1: Estado | B1: Cantidad de ítems | C1: Costo cargado (ARS) | D1: Ítems sin precio
A2: Confirmar | B2: =COUNTIF(Componentes!$G$2:$G$74,A2) | C2: =SUMIFS(Componentes!$J$2:$J$74,Componentes!$G$2:$G$74,A2) | D2: =COUNTIFS(Componentes!$G$2:$G$74,A2,Componentes!$I$2:$I$74,"")
A3: Ya lo tengo | B3: =COUNTIF(Componentes!$G$2:$G$74,A3) | C3: =SUMIFS(Componentes!$J$2:$J$74,Componentes!$G$2:$G$74,A3) | D3: =COUNTIFS(Componentes!$G$2:$G$74,A3,Componentes!$I$2:$I$74,"")
A4: Comprar | B4: =COUNTIF(Componentes!$G$2:$G$74,A4) | C4: =SUMIFS(Componentes!$J$2:$J$74,Componentes!$G$2:$G$74,A4) | D4: =COUNTIFS(Componentes!$G$2:$G$74,A4,Componentes!$I$2:$I$74,"")
A5: Comprado | B5: =COUNTIF(Componentes!$G$2:$G$74,A5) | C5: =SUMIFS(Componentes!$J$2:$J$74,Componentes!$G$2:$G$74,A5) | D5: =COUNTIFS(Componentes!$G$2:$G$74,A5,Componentes!$I$2:$I$74,"")
A6: Fabricar | B6: =COUNTIF(Componentes!$G$2:$G$74,A6) | C6: =SUMIFS(Componentes!$J$2:$J$74,Componentes!$G$2:$G$74,A6) | D6: =COUNTIFS(Componentes!$G$2:$G$74,A6,Componentes!$I$2:$I$74,"")
A7: Decidir | B7: =COUNTIF(Componentes!$G$2:$G$74,A7) | C7: =SUMIFS(Componentes!$J$2:$J$74,Componentes!$G$2:$G$74,A7) | D7: =COUNTIFS(Componentes!$G$2:$G$74,A7,Componentes!$I$2:$I$74,"")
A8: Futuro | B8: =COUNTIF(Componentes!$G$2:$G$74,A8) | C8: =SUMIFS(Componentes!$J$2:$J$74,Componentes!$G$2:$G$74,A8) | D8: =COUNTIFS(Componentes!$G$2:$G$74,A8,Componentes!$I$2:$I$74,"")
A9: Sacar del diseño | B9: =COUNTIF(Componentes!$G$2:$G$74,A9) | C9: =SUMIFS(Componentes!$J$2:$J$74,Componentes!$G$2:$G$74,A9) | D9: =COUNTIFS(Componentes!$G$2:$G$74,A9,Componentes!$I$2:$I$74,"")
A10: Descartado | B10: =COUNTIF(Componentes!$G$2:$G$74,A10) | C10: =SUMIFS(Componentes!$J$2:$J$74,Componentes!$G$2:$G$74,A10) | D10: =COUNTIFS(Componentes!$G$2:$G$74,A10,Componentes!$I$2:$I$74,"")
A11: Total | B11: =SUM(B2:B10) | C11: =SUM(C2:C10) | D11: =SUM(D2:D10)
A13: A comprar (Comprar + Decidir), costo cargado | C13: =C4+C7

Sheet Leyenda
A1: Cómo usar esta planilla
A2: Celdas amarillas | B2: Se completan a mano: Estado (lista desplegable) y Precio unitario. El total y el resumen se calculan solos.
A3: Números en azul | B3: Cantidades tomadas del diseño; cambiarlas si hace falta.
A4: Confirmar | B4: Componente del diseño original: marcar si ya lo tenés (Ya lo tengo) o si hay que comprarlo (Comprar).
A5: Comprar | B5: Nuevo por los cambios del 25–26/09, o reemplazo.
A6: Fabricar | B6: Se hace en el taller (portasensor, carcasa) o se manda a fabricar (PCB).
A7: Decidir | B7: Depende de una decisión abierta de docs/PENDIENTES.md.
A8: Futuro | B8: Opcional para una versión posterior.
A9: Sacar del diseño | B9: Se deja de usar con el armado nuevo.
A10: Descartado | B10: Se evaluó y se eligió otra opción.
A11: Fuente | B11: docs/ARMADO_HARDWARE_SENDER.md, docs/PENDIENTES.md (26/09/2026) y docs/HARDWARE.md sección 7, presión de aire (06/10/2026). Cantidades de resistencias y capacitores: las del circuito, sin repuestos.
A12: Ejemplo | B12: Ítem 16 (fila 17): DS18B20 TO-92 (pack x3), Cantidad 1, Estado Comprar; al comprarlo se pasa a Comprado y se carga el precio.
